,date,close
0,10/03/2015,1789.73
1,11/03/2015,1778.16
2,12/03/2015,1786.87
3,13/03/2015,1781.75
4,16/03/2015,1780.54
5,17/03/2015,1787.87
6,18/03/2015,1797.57
7,19/03/2015,1809.13
8,20/03/2015,1803.65
9,23/03/2015,1795.85
10,24/03/2015,1814.04
11,25/03/2015,1819.1
12,26/03/2015,1818.42
13,27/03/2015,1813.37
14,28/03/2015,
15,29/03/2015,
16,30/03/2015,1821.83
17,31/03/2015,1830.78
18,01/04/2015,1826.31
19,02/04/2015,1831.97
20,03/04/2015,1834.52
21,04/04/2015,
22,05/04/2015,
23,06/04/2015,1842.94
24,07/04/2015,1856.51
25,08/04/2015,1850.31
26,09/04/2015,1849.39
27,10/04/2015,1844.31
28,11/04/2015,
29,12/04/2015,
30,13/04/2015,1842.08
31,14/04/2015,1839.61
32,15/04/2015,1840.13
33,16/04/2015,1847.94
34,17/04/2015,1845.86
35,18/04/2015,
36,19/04/2015,
37,20/04/2015,1848.66
38,21/04/2015,1862.8
39,22/04/2015,1854.77
40,23/04/2015,1846.08
41,24/04/2015,1862.58
42,25/04/2015,
43,26/04/2015,
44,27/04/2015,1859.58
45,28/04/2015,1855.06
46,29/04/2015,1842.93
47,30/04/2015,1818.27
48,01/05/2015,
49,02/05/2015,
50,03/05/2015,
51,04/05/2015,
52,05/05/2015,1827.42
53,06/05/2015,1820.97
54,07/05/2015,1805.1
55,08/05/2015,1807.65
56,09/05/2015,
57,10/05/2015,
58,11/05/2015,1805.49
59,12/05/2015,1798.61
60,13/05/2015,1803.02
61,14/05/2015,1805.87
62,15/05/2015,1811.92
63,16/05/2015,
64,17/05/2015,
65,18/05/2015,1823.5
66,19/05/2015,1809.72
67,20/05/2015,1810.11
68,21/05/2015,1795.04
69,22/05/2015,1787.5
70,23/05/2015,
71,24/05/2015,
72,25/05/2015,1767.38
73,26/05/2015,1764.07
74,27/05/2015,1755.05
75,28/05/2015,1755.56
76,29/05/2015,1747.52
77,30/05/2015,
78,31/05/2015,
79,01/06/2015,1743.41
80,02/06/2015,1741.37
81,03/06/2015,1749.17
82,04/06/2015,1741.48
83,05/06/2015,1745.33
84,06/06/2015,
85,07/06/2015,
86,08/06/2015,1739.45
87,09/06/2015,1729.05
88,10/06/2015,1735.63
89,11/06/2015,1734.76
90,12/06/2015,1734.37
91,13/06/2015,
92,14/06/2015,
93,15/06/2015,1722.16
94,16/06/2015,1722.24
95,17/06/2015,1726.86
96,18/06/2015,1718.12
97,19/06/2015,1721.77
98,20/06/2015,
99,21/06/2015,
100,22/06/2015,1732.76
101,23/06/2015,1726.86
102,24/06/2015,1731.68
103,25/06/2015,1716.81
104,26/06/2015,1710.47
105,27/06/2015,
106,28/06/2015,
107,29/06/2015,1691.92
108,30/06/2015,1706.64
109,01/07/2015,1727.96
110,02/07/2015,1733.88
111,03/07/2015,1734.24
112,04/07/2015,
113,05/07/2015,
114,06/07/2015,1717.05
115,07/07/2015,1712.3
116,08/07/2015,1695.83
117,09/07/2015,1701.54
118,10/07/2015,1715.58
119,11/07/2015,
120,12/07/2015,
121,13/07/2015,1716.11
122,14/07/2015,1721.1
123,15/07/2015,1715.58
124,16/07/2015,1726.73
125,17/07/2015,
126,18/07/2015,
127,19/07/2015,
128,20/07/2015,1724.13
129,21/07/2015,1736.19
130,22/07/2015,1729.53
131,23/07/2015,1722.44
132,24/07/2015,1720.76
133,27/07/2015,1709.76
134,28/07/2015,1699.7
135,29/07/2015,1698.99
136,30/07/2015,1699.92
137,31/07/2015,1723.14
138,03/08/2015,1744.19
139,04/08/2015,1723.73
140,05/08/2015,1725.56
141,06/08/2015,1694.64
142,07/08/2015,1682.65
143,10/08/2015,1654.37
144,11/08/2015,1636.71
145,12/08/2015,1609.93
146,13/08/2015,1621.62
147,14/08/2015,1596.82
148,17/08/2015,1572.54
149,18/08/2015,1579.6
150,19/08/2015,1582.44
151,20/08/2015,1577.41
152,21/08/2015,1574.67
153,24/08/2015,1532.14
154,25/08/2015,1563.94
155,26/08/2015,1580.37
156,27/08/2015,1601.7
157,28/08/2015,1612.74
158,01/09/2015,1609.21
159,02/09/2015,1590.19
160,03/09/2015,1602.75
161,04/09/2015,1589.16
162,07/09/2015,1582.85
163,08/09/2015,1587.12
164,09/09/2015,1603.36
165,10/09/2015,1614.02
166,11/09/2015,1603.6
167,14/09/2015,1639.63
168,15/09/2015,1647.15
169,17/09/2015,1681.54
170,18/09/2015,1669.45
171,21/09/2015,1639.47
172,22/09/2015,1635.37
173,23/09/2015,1613.17
174,25/09/2015,1615.01
175,28/09/2015,1608.43
176,29/09/2015,1603.32
177,30/09/2015,1621.04
178,01/10/2015,1633.93
179,02/10/2015,1628.8
180,05/10/2015,1647.59
181,06/10/2015,1662.51
182,07/10/2015,1689.25
183,08/10/2015,1692.2
184,09/10/2015,1706.54
185,12/10/2015,1709.86
186,13/10/2015,1711.14
187,15/10/2015,1713.25
188,16/10/2015,1716.82
189,19/10/2015,1718.2
190,20/10/2015,1705.03
191,21/10/2015,1707.11
192,22/10/2015,1705.09
193,23/10/2015,1710.93
194,26/10/2015,1706.79
195,27/10/2015,1696.95
196,28/10/2015,1686.51
197,29/10/2015,1666.98
198,30/10/2015,1665.71
199,02/11/2015,1664.07
200,03/11/2015,1677.56
201,04/11/2015,1685.62
202,05/11/2015,1688.54
203,06/11/2015,1685.7
204,09/11/2015,1686.11
205,11/11/2015,1665.32
206,12/11/2015,1663.2
207,13/11/2015,1658.91
208,16/11/2015,1656
209,17/11/2015,1661.53
210,18/11/2015,1656.5
211,19/11/2015,1660.06
212,20/11/2015,1661.89
213,23/11/2015,1670.9
214,24/11/2015,1677.03
215,25/11/2015,1684.42
216,26/11/2015,1683.09
217,27/11/2015,1682.59
218,30/11/2015,1672.16
219,01/12/2015,1682.37
220,02/12/2015,1676.77
221,03/12/2015,1673.92
222,04/12/2015,1667.87
223,07/12/2015,1672
224,08/12/2015,1669.24
225,09/12/2015,1659.36
226,10/12/2015,1648.65
227,11/12/2015,1640.14
228,14/12/2015,1629.96
229,15/12/2015,1622.84
230,16/12/2015,1634.13
231,17/12/2015,1656.52
232,18/12/2015,1643.9
233,21/12/2015,1629.09
234,22/12/2015,1643.26
235,23/12/2015,1663.51
236,28/12/2015,1670.73
237,29/12/2015,1685.36
238,30/12/2015,1693.14
239,31/12/2015,1692.51
240,04/01/2016,1653.37
241,05/01/2016,1665.7
242,06/01/2016,1667.97
243,07/01/2016,1655.13
244,08/01/2016,1657.61
245,11/01/2016,1637.59
246,12/01/2016,1641.37
247,13/01/2016,1642.54
248,14/01/2016,1633.44
249,15/01/2016,1628.55
250,18/01/2016,1622.64
251,19/01/2016,1629.22
252,20/01/2016,1618.83
253,21/01/2016,1600.92
254,22/01/2016,1625.21
255,26/01/2016,1626.66
256,27/01/2016,1631.54
257,28/01/2016,1634.53
258,29/01/2016,1667.8
259,02/02/2016,1653.18
260,03/02/2016,1633.3
261,04/02/2016,1656.77
262,05/02/2016,1662.46
263,10/02/2016,1644.41
264,11/02/2016,1643.95
265,12/02/2016,1643.74
266,15/02/2016,1649.96
267,16/02/2016,1664.99
268,17/02/2016,1664.32
269,18/02/2016,1680.02
270,19/02/2016,1674.88
271,22/02/2016,1674.59
272,23/02/2016,1677.28
273,24/02/2016,1664.17
274,25/02/2016,1658.16
275,26/02/2016,1663.44
276,29/02/2016,1654.75
277,01/03/2016,1670.82
278,02/03/2016,1691.03
279,03/03/2016,1688.2
280,04/03/2016,1692.49
281,07/03/2016,1697.93
282,08/03/2016,1687.86
283,09/03/2016,1686.35
284,10/03/2016,1690.91
285,11/03/2016,1696.54
286,14/03/2016,1700.31
287,15/03/2016,1690.92
288,16/03/2016,1693.43
289,17/03/2016,1703.19
290,18/03/2016,1716.34
291,21/03/2016,1718.36
292,22/03/2016,1724.75
293,23/03/2016,1724.55
294,24/03/2016,1715.53
295,25/03/2016,1703.79
296,28/03/2016,1702.41
297,29/03/2016,1715.04
298,30/03/2016,1717.82
299,31/03/2016,1717.58
300,01/04/2016,1710.55
301,04/04/2016,1725.24
302,05/04/2016,1718.08
303,06/04/2016,1717.01
304,07/04/2016,1724.29
305,08/04/2016,1718.4
306,11/04/2016,1715.28
307,12/04/2016,1715
308,13/04/2016,1723.11
309,14/04/2016,1723.78
310,15/04/2016,1727.99
311,18/04/2016,1717.68
312,19/04/2016,1711.15
313,20/04/2016,1708.91
314,21/04/2016,1721.47
315,22/04/2016,1717.96
316,25/04/2016,1714.51
317,26/04/2016,1692.5
318,27/04/2016,1692.34
319,28/04/2016,1674.76
320,29/04/2016,1672.72
321,03/05/2016,1651.44
322,04/05/2016,1657.58
323,05/05/2016,1645.09
324,06/05/2016,1649.36
325,09/05/2016,1632.19
326,10/05/2016,1635.84
327,11/05/2016,1644.58
328,12/05/2016,1648.98
329,13/05/2016,1628.26
330,16/05/2016,1621.21
331,17/05/2016,1633.39
332,18/05/2016,1635.72
333,19/05/2016,1633.76
334,20/05/2016,1628.79
335,23/05/2016,1634.89
336,24/05/2016,1625.84
337,25/05/2016,1630.96
338,26/05/2016,1631.09
339,27/05/2016,1637.19
340,30/05/2016,1629.87
341,31/05/2016,1626
342,01/06/2016,1626.5
343,02/06/2016,1630.53
344,03/06/2016,1636.46
345,06/06/2016,1648.99
346,07/06/2016,1660.62
347,08/06/2016,1657.85
348,09/06/2016,1650.51
349,10/06/2016,1641.22
350,13/06/2016,1629.77
351,14/06/2016,1626.11
352,15/06/2016,1627.96
353,16/06/2016,1614.9
354,17/06/2016,1624.18
355,20/06/2016,1634.23
356,21/06/2016,1637.69
357,23/06/2016,1639.98
358,24/06/2016,1634.05
359,27/06/2016,1629.52
360,28/06/2016,1634.04
361,29/06/2016,1642.21
362,30/06/2016,1654.08
363,01/07/2016,1646.22
364,04/07/2016,1654.84
365,05/07/2016,1650.71
366,08/07/2016,1644.54
367,11/07/2016,1653.87
368,12/07/2016,1653.97
369,13/07/2016,1660.39
370,14/07/2016,1654.78
371,15/07/2016,1668.4
372,18/07/2016,1670.84
373,19/07/2016,1670.55
374,20/07/2016,1669.61
375,21/07/2016,1657.54
376,22/07/2016,1657.42
377,25/07/2016,1668.26
378,26/07/2016,1661.42
379,27/07/2016,1663.56
380,28/07/2016,1658.5
381,29/07/2016,1653.26
382,01/08/2016,1665.23
383,02/08/2016,1660.23
384,03/08/2016,1648.5
385,04/08/2016,1655.29
386,05/08/2016,1664.04
387,08/08/2016,1672.68
388,09/08/2016,1671.71
389,10/08/2016,1673.03
390,11/08/2016,1678.8
391,12/08/2016,1684.15
392,15/08/2016,1690.33
393,16/08/2016,1699.89
394,17/08/2016,1694.32
395,18/08/2016,1694.87
396,19/08/2016,1687.68
397,22/08/2016,1691.07
398,23/08/2016,1683.07
399,24/08/2016,1682.06
400,25/08/2016,1680.3
401,26/08/2016,1683.09
402,29/08/2016,1681.6
403,30/08/2016,1678.06
404,01/09/2016,1670.55
405,02/09/2016,1671.79
406,05/09/2016,1678.08
407,06/09/2016,1689.92
408,07/09/2016,1689.57
409,08/09/2016,1691.38
410,09/09/2016,1686.44
411,13/09/2016,1677.18
412,14/09/2016,1661.39
413,15/09/2016,1652.99
414,19/09/2016,1651.71
415,20/09/2016,1655.78
416,21/09/2016,1658.73
417,22/09/2016,1669.66
418,23/09/2016,1670.99
419,26/09/2016,1669.5
420,27/09/2016,1664.72
421,28/09/2016,1664.96
422,29/09/2016,1669.64
423,30/09/2016,1652.55
424,04/10/2016,1661.25
425,05/10/2016,1662.92
426,06/10/2016,1666.73
427,07/10/2016,1665.38
428,10/10/2016,1665.32
429,11/10/2016,1668.72
430,12/10/2016,1667.03
431,13/10/2016,1665.02
432,14/10/2016,1658.97
433,17/10/2016,1653.71
434,18/10/2016,1667.57
435,19/10/2016,1668.27
436,20/10/2016,1667.18
437,21/10/2016,1669.98
438,24/10/2016,1677.76
439,25/10/2016,1677.43
440,26/10/2016,1673.92
441,27/10/2016,1669.03
442,28/10/2016,1670.27
443,31/10/2016,1672.46
444,01/11/2016,1670.93
445,02/11/2016,1659.6
446,03/11/2016,1648.08
447,04/11/2016,1648.24
448,07/11/2016,1650.59
449,08/11/2016,1663.82
450,09/11/2016,1647.62
451,10/11/2016,1652.74
452,11/11/2016,1634.19
453,14/11/2016,1616.64
454,15/11/2016,1630.56
455,16/11/2016,1627.63
456,17/11/2016,1626.77
457,18/11/2016,1623.8
458,21/11/2016,1627.28
459,22/11/2016,1629.32
460,23/11/2016,1630.38
461,24/11/2016,1624.21
462,25/11/2016,1627.26
463,28/11/2016,1628.66
464,29/11/2016,1626.93
465,30/11/2016,1619.12
466,01/12/2016,1626.44
467,02/12/2016,1628.96
468,05/12/2016,1624.97
469,06/12/2016,1629.73
470,07/12/2016,1632.47
471,08/12/2016,1643.75
472,09/12/2016,1641.42
473,13/12/2016,1645.28
474,14/12/2016,1643.29
475,15/12/2016,1636.99
476,16/12/2016,1637.79
477,19/12/2016,1634.3
478,20/12/2016,1634.52
479,21/12/2016,1629.59
480,22/12/2016,1623.2
481,23/12/2016,1617.15
482,27/12/2016,1619.68
483,28/12/2016,1630.3
484,29/12/2016,1637.93
485,30/12/2016,1641.73
486,03/01/2017,1635.53
487,04/01/2017,1647.47
488,05/01/2017,1659.82
489,06/01/2017,1675.49
490,09/01/2017,1667.9
491,10/01/2017,1672.05
492,11/01/2017,1675.21
493,12/01/2017,1677.76
494,13/01/2017,1672.5
495,16/01/2017,1658.84
496,17/01/2017,1663.03
497,18/01/2017,1665.02
498,19/01/2017,1666.51
499,20/01/2017,1664.89
500,23/01/2017,1671.31
501,24/01/2017,1680.69
502,25/01/2017,1683.93
503,26/01/2017,1692.22
504,27/01/2017,1686.36
505,31/01/2017,1671.54
506,02/02/2017,1673.48
507,03/02/2017,1685.01
508,06/02/2017,1691.24
509,07/02/2017,1688.84
510,08/02/2017,1688.5
511,10/02/2017,1698.94
512,13/02/2017,1710.24
513,14/02/2017,1708.9
514,15/02/2017,1709.79
515,16/02/2017,1707.59
516,17/02/2017,1707.68
517,20/02/2017,1712.58
518,21/02/2017,1706.55
519,22/02/2017,1708.08
520,23/02/2017,1704.48
521,24/02/2017,1698.35
522,27/02/2017,1693.84
523,28/02/2017,1693.77
524,01/03/2017,1697.69
525,02/03/2017,1715.67
526,03/03/2017,1708.38
527,06/03/2017,1727.36
528,07/03/2017,1728.66
529,08/03/2017,1725.54
530,09/03/2017,1717.42
531,10/03/2017,1717.58
532,13/03/2017,1721.92
533,14/03/2017,1722.47
534,15/03/2017,1717.36
535,16/03/2017,1737.14
536,17/03/2017,1745.2
537,20/03/2017,1749.41
538,21/03/2017,1754.67
539,22/03/2017,1748.3
540,23/03/2017,1747
541,24/03/2017,1745.75
542,27/03/2017,1744.95
543,28/03/2017,1754.42
544,29/03/2017,1750.41
545,30/03/2017,1749.25
546,31/03/2017,1740.09
547,03/04/2017,1745.49
548,04/04/2017,1747.19
549,05/04/2017,1744.67
550,06/04/2017,1739.56
551,07/04/2017,1741.72
552,10/04/2017,1739.52
553,11/04/2017,1735.84
554,12/04/2017,1744.08
555,13/04/2017,1738.18
556,14/04/2017,1730.99
557,17/04/2017,1733.93
558,18/04/2017,1740.6
559,19/04/2017,1738.95
560,20/04/2017,1741.61
561,21/04/2017,1756.05
562,25/04/2017,1765.8
563,26/04/2017,1768.92
564,27/04/2017,1767.92
565,28/04/2017,1768.06
566,02/05/2017,1778.47
567,03/05/2017,1772.51
568,04/05/2017,1758.67
569,05/05/2017,1762.74
570,08/05/2017,1768.15
571,09/05/2017,1766.56
572,11/05/2017,1775.39
573,12/05/2017,1775.87
574,15/05/2017,1778.65
575,16/05/2017,1778.15
576,17/05/2017,1775.65
577,18/05/2017,1767.17
578,19/05/2017,1768.28
579,22/05/2017,1774.95
580,23/05/2017,1767.17
581,24/05/2017,1771.01
582,25/05/2017,1773.96
583,26/05/2017,1772.3
584,29/05/2017,1764.89
585,31/05/2017,1765.87
586,01/06/2017,1763.11
587,02/06/2017,1776.95
588,05/06/2017,1787.95
589,06/06/2017,1791.01
590,07/06/2017,1785.92
591,08/06/2017,1785.57
592,09/06/2017,1788.89
593,13/06/2017,1784.44
594,14/06/2017,1792.35
595,15/06/2017,1790.01
596,16/06/2017,1791.31
597,19/06/2017,1788.9
598,20/06/2017,1780.71
599,21/06/2017,1775.57
600,22/06/2017,1777.43
601,23/06/2017,1779.45
602,28/06/2017,1771.23
603,29/06/2017,1771.36
604,30/06/2017,1763.67
605,03/07/2017,1768.67
606,04/07/2017,1762.08
607,05/07/2017,1768.16
608,06/07/2017,1770.53
609,07/07/2017,1759.93
610,10/07/2017,1757.13
611,11/07/2017,1755.03
612,12/07/2017,1757.24
613,13/07/2017,1753.78
614,14/07/2017,1755
615,17/07/2017,1755.19
616,18/07/2017,1754.92
617,19/07/2017,1757.27
618,20/07/2017,1755.63
619,21/07/2017,1759.16
620,24/07/2017,1761.99
621,25/07/2017,1763.34
622,26/07/2017,1766
623,27/07/2017,1770.07
624,28/07/2017,1767.08
625,31/07/2017,1760.03
626,01/08/2017,1765.13
627,02/08/2017,1770.61
628,03/08/2017,1771.9
629,04/08/2017,1774.53
630,07/08/2017,1777.91
631,08/08/2017,1781.65
632,09/08/2017,1777.94
633,10/08/2017,1777.77
634,11/08/2017,1766.96
635,14/08/2017,1771.08
636,15/08/2017,1772.39
637,16/08/2017,1773.75
638,17/08/2017,1776.31
639,18/08/2017,1776.22
640,21/08/2017,1771.62
641,22/08/2017,1774.22
642,23/08/2017,1772.94
643,24/08/2017,1775.5
644,25/08/2017,1769.17
645,28/08/2017,1769.49
646,29/08/2017,1761.14
647,30/08/2017,1773.16
648,05/09/2017,1769.63
649,06/09/2017,1772.48
650,07/09/2017,1782.98
651,08/09/2017,1779.9
652,11/09/2017,1782.74
653,12/09/2017,1789.86
654,13/09/2017,1786.07
655,14/09/2017,1781.37
656,15/09/2017,1786.33
657,18/09/2017,1783.66
658,19/09/2017,1776.66
659,20/09/2017,1773.58
660,21/09/2017,1771.04
661,25/09/2017,1769.14
662,26/09/2017,1765.59
663,27/09/2017,1764.24
664,28/09/2017,1758.06
665,29/09/2017,1755.58
666,02/10/2017,1754.78
667,03/10/2017,1759.67
668,04/10/2017,1761.84
669,05/10/2017,1759.09
670,06/10/2017,1764
671,09/10/2017,1764.03
672,10/10/2017,1761.13
673,11/10/2017,1757.21
674,12/10/2017,1754
675,13/10/2017,1755.32
676,16/10/2017,1754.37
677,17/10/2017,1748.99
678,19/10/2017,1743.99
679,20/10/2017,1740.65
680,23/10/2017,1741.47
681,24/10/2017,1736.14
682,25/10/2017,1739.05
683,26/10/2017,1736.8
684,27/10/2017,1746.13
685,30/10/2017,1748.35
686,31/10/2017,1747.92
687,01/11/2017,1743.93
688,02/11/2017,1741.05
689,03/11/2017,1740.93
690,06/11/2017,1742.29
691,07/11/2017,1750.94
692,08/11/2017,1744.2
693,09/11/2017,1746.81
694,10/11/2017,1742.28
695,13/11/2017,1737.49
696,14/11/2017,1733.61
697,15/11/2017,1722.99
698,16/11/2017,1718.11
699,17/11/2017,1721.66
700,20/11/2017,1718.36
701,21/11/2017,1720.68
702,22/11/2017,1723.54
703,23/11/2017,1721.27
704,24/11/2017,1717.23
705,27/11/2017,1719.86
706,28/11/2017,1714.42
707,29/11/2017,1720.38
708,30/11/2017,1717.86
709,01/12/2017,1717.86
710,04/12/2017,1713.13
711,05/12/2017,1724.84
712,06/12/2017,1718.33
713,07/12/2017,1719.05
714,08/12/2017,1721.25
715,11/12/2017,1719.47
716,12/12/2017,1729.57
717,13/12/2017,1737.66
718,14/12/2017,1759
719,15/12/2017,1753.07
720,18/12/2017,1751.64
721,19/12/2017,1736.95
722,20/12/2017,1746.63
723,21/12/2017,1751.21
724,22/12/2017,1760.24
725,26/12/2017,1759.99
726,27/12/2017,1771.76
727,28/12/2017,1779.1
728,29/12/2017,1796.81
729,02/01/2018,1782.7
730,03/01/2018,1792.79
731,04/01/2018,1803.45
732,05/01/2018,1817.97
733,08/01/2018,1832.15
734,09/01/2018,1826.95
735,10/01/2018,1822.92
736,11/01/2018,1816.88
737,12/01/2018,1822.67
738,15/01/2018,1825.91
739,16/01/2018,1826.03
740,17/01/2018,1828.63
741,18/01/2018,1821.6
742,19/01/2018,1828.83
743,22/01/2018,1833.15
744,23/01/2018,1838.04
745,24/01/2018,1837.04
746,25/01/2018,1845.86
747,26/01/2018,1853.92
748,29/01/2018,1870.52
749,30/01/2018,1868.58
750,02/02/2018,1870.48
751,05/02/2018,1853.07
752,06/02/2018,1812.45
753,07/02/2018,1836.68
754,08/02/2018,1839.44
755,09/02/2018,1819.82
756,12/02/2018,1830.17
757,13/02/2018,1833.02
758,14/02/2018,1834.93
759,15/02/2018,1838.28
760,19/02/2018,1857.32
761,20/02/2018,1855.99
762,21/02/2018,1858.17
763,22/02/2018,1855.07
764,23/02/2018,1861.5
765,26/02/2018,1860.08
766,27/02/2018,1871.46
767,28/02/2018,1856.2
768,01/03/2018,1860.86
769,02/03/2018,1856.07
770,05/03/2018,1842.62
771,06/03/2018,1848.37
772,07/03/2018,1837.9
773,08/03/2018,1839.62
774,09/03/2018,1843.92
775,12/03/2018,1861.22
776,13/03/2018,1864.03
777,14/03/2018,1857.06
778,15/03/2018,1845.27
779,16/03/2018,1846.39
780,19/03/2018,1847.94
781,20/03/2018,1856.39
782,21/03/2018,1865.8
783,22/03/2018,1876.87
784,23/03/2018,1865.22
785,26/03/2018,1859.91
786,27/03/2018,1862.45
787,28/03/2018,1857.87
788,29/03/2018,1856.35
789,30/03/2018,1863.46
790,02/04/2018,1858.35
791,03/04/2018,1850.78
792,04/04/2018,1815.94
793,05/04/2018,1836.13
794,06/04/2018,1837.01
795,09/04/2018,1849.71
796,10/04/2018,1860.98
797,11/04/2018,1869.89
798,12/04/2018,1873.62
799,13/04/2018,1868.47
800,16/04/2018,1878.76
801,17/04/2018,1880.49
802,18/04/2018,1879.32
803,19/04/2018,1895.18
804,20/04/2018,1887.75
805,23/04/2018,1880.36
806,24/04/2018,1865.34
807,25/04/2018,1851.93
808,26/04/2018,1852.27
809,27/04/2018,1863.47
810,30/04/2018,1870.37
811,02/05/2018,1852.03
812,03/05/2018,1851.8
813,04/05/2018,1841.83
814,07/05/2018,1828.2
815,08/05/2018,1846.51
816,14/05/2018,1850.42
817,15/05/2018,1848.2
818,16/05/2018,1858.26
819,17/05/2018,1854.44
820,18/05/2018,1854.5
821,21/05/2018,1853.58
822,22/05/2018,1845.03
823,23/05/2018,1804.25
824,24/05/2018,1775.66
825,25/05/2018,1797.4
826,28/05/2018,1775.84
827,30/05/2018,1719.28
828,31/05/2018,1740.62
829,01/06/2018,1756.38
830,04/06/2018,1755.17
831,05/06/2018,1755.14
832,06/06/2018,1777.13
833,07/06/2018,1785.81
834,08/06/2018,1778.32
835,11/06/2018,1775.8
836,12/06/2018,1764.16
837,13/06/2018,1763.57
838,14/06/2018,1761.78
839,18/06/2018,1743.43
840,19/06/2018,1715.36
841,20/06/2018,1709.75
842,21/06/2018,1692.32
843,22/06/2018,1694.15
844,25/06/2018,1678.1
845,26/06/2018,1675.86
846,27/06/2018,1666.08
847,28/06/2018,1665.68
848,29/06/2018,1691.5
849,02/07/2018,1685.05
850,03/07/2018,1680.37
851,04/07/2018,1688.45
852,05/07/2018,1690.65
853,06/07/2018,1663.86
854,09/07/2018,1672.63
855,10/07/2018,1687.13
856,11/07/2018,1688.77
857,12/07/2018,1703.57
858,13/07/2018,1721.93
859,16/07/2018,1726.67
860,17/07/2018,1737.28
861,18/07/2018,1753.07
862,19/07/2018,1759.24
863,20/07/2018,1754.67
864,23/07/2018,1757.96
865,24/07/2018,1762.93
866,25/07/2018,1763.78
867,26/07/2018,1766.23
868,27/07/2018,1769.14
869,30/07/2018,1770.26
870,31/07/2018,1784.25
871,01/08/2018,1788.31
872,02/08/2018,1778.13
873,03/08/2018,1780.09
874,06/08/2018,1779.75
875,07/08/2018,1791.09
876,08/08/2018,1804.73
877,09/08/2018,1804.95
878,10/08/2018,1805.75
879,13/08/2018,1783.34
880,14/08/2018,1783.78
881,15/08/2018,1785.94
882,16/08/2018,1777.27
883,17/08/2018,1783.47
884,20/08/2018,1787.58
885,21/08/2018,1798.11
886,23/08/2018,1810.87
887,24/08/2018,1808.59
888,27/08/2018,1811.6
889,28/08/2018,1826.9
890,29/08/2018,1820.64
891,30/08/2018,1819.66
892,03/09/2018,1813.58
893,04/09/2018,1812.76
894,05/09/2018,1795.5
895,06/09/2018,1798.57
896,07/09/2018,1799.17
897,12/09/2018,1785.25
898,13/09/2018,1792.6
899,14/09/2018,1803.76
900,18/09/2018,1792.94
901,19/09/2018,1800.71
902,20/09/2018,1803.7
903,21/09/2018,1810.64
904,24/09/2018,1800.17
905,25/09/2018,1794.47
906,26/09/2018,1798.72
907,27/09/2018,1798.64
908,28/09/2018,1793.15
909,01/10/2018,1792.46
910,02/10/2018,1798.15
911,03/10/2018,1796.3
912,04/10/2018,1790.11
913,05/10/2018,1777.15
914,08/10/2018,1775.75
915,09/10/2018,1774.15
916,10/10/2018,1735.18
917,11/10/2018,1708.49
918,12/10/2018,1730.74
919,15/10/2018,1728.74
920,16/10/2018,1736.84
921,17/10/2018,1740.59
922,18/10/2018,1738.01
923,19/10/2018,1732.14
924,22/10/2018,1722.47
925,23/10/2018,1697.6
926,24/10/2018,1690.04
927,25/10/2018,1686.59
928,26/10/2018,1683.06
929,29/10/2018,1683.73
930,30/10/2018,1685.94
931,31/10/2018,1709.27
932,01/11/2018,1706.92
933,02/11/2018,1713.87
934,05/11/2018,1708.8
935,07/11/2018,1714.88
936,08/11/2018,1721.42
937,09/11/2018,1708.09
938,12/11/2018,1696.14
939,13/11/2018,1687.57
940,14/11/2018,1688.41
941,15/11/2018,1694.21
942,16/11/2018,1706.38
943,19/11/2018,1710.71
944,21/11/2018,1695.37
945,22/11/2018,1695.62
946,23/11/2018,1695.88
947,26/11/2018,1701.99
948,27/11/2018,1684.97
949,28/11/2018,1686.55
950,29/11/2018,1696.34
951,30/11/2018,1679.86
952,03/12/2018,1699.72
953,04/12/2018,1694.99
954,05/12/2018,1688.27
955,06/12/2018,1683.34
956,07/12/2018,1680.54
957,10/12/2018,1663.31
958,11/12/2018,1652.63
959,12/12/2018,1663.27
960,13/12/2018,1676
961,14/12/2018,1661.96
962,17/12/2018,1641.62
963,18/12/2018,1635.31
964,19/12/2018,1655.66
965,20/12/2018,1650.56
966,21/12/2018,1670.28
967,24/12/2018,1683.82
968,26/12/2018,1672.6
969,27/12/2018,1690.72
970,28/12/2018,1692.07
971,31/12/2018,1690.58
972,02/01/2019,1668.11
973,03/01/2019,1675.83
974,04/01/2019,1669.78
975,07/01/2019,1679.17
976,08/01/2019,1672.76
977,09/01/2019,1667.83
978,10/01/2019,1678.88
979,11/01/2019,1683.22
980,14/01/2019,1676.16
981,15/01/2019,1679.42
982,16/01/2019,1673.08
983,17/01/2019,1682.97
984,18/01/2019,1692.22
985,22/01/2019,1702.12
986,23/01/2019,1688.14
987,24/01/2019,1693.59
988,25/01/2019,1701.03
989,28/01/2019,1697.5
990,29/01/2019,1690.41
991,30/01/2019,1684.11
992,31/01/2019,1683.53
993,04/02/2019,1683.61
994,07/02/2019,1693.39
995,08/02/2019,1686.52
996,11/02/2019,1688.56
997,12/02/2019,1687.41
998,13/02/2019,1685.3
999,14/02/2019,1689.06
1000,15/02/2019,1688.83
1001,18/02/2019,1692.74
1002,19/02/2019,1706.56
1003,20/02/2019,1726.18
1004,21/02/2019,1730.68
1005,22/02/2019,1721.42
1006,25/02/2019,1724.58
1007,26/02/2019,1719
1008,27/02/2019,1713.45
1009,28/02/2019,1707.73
1010,01/03/2019,1700.76
1011,04/03/2019,1693.99
1012,05/03/2019,1685.62
1013,06/03/2019,1686.82
1014,07/03/2019,1686.95
1015,08/03/2019,1679.9
1016,11/03/2019,1664.63
1017,12/03/2019,1671.28
1018,13/03/2019,1678.24
1019,14/03/2019,1674.52
1020,15/03/2019,1680.54
1021,18/03/2019,1690.94
1022,19/03/2019,1687.68
1023,20/03/2019,1684.21
1024,21/03/2019,1663.66
1025,22/03/2019,1666.66
1026,25/03/2019,1649.15
1027,26/03/2019,1649.94
1028,27/03/2019,1642.73
1029,28/03/2019,1641.33
1030,29/03/2019,1643.63
1031,01/04/2019,1628.66
1032,02/04/2019,1632.83
1033,03/04/2019,1643.21
1034,04/04/2019,1645.07
1035,05/04/2019,1641.81
1036,08/04/2019,1644.35
1037,09/04/2019,1641.94
1038,10/04/2019,1639.46
1039,11/04/2019,1624.23
1040,12/04/2019,1630.17
1041,15/04/2019,1631.33
1042,16/04/2019,1629.46
1043,17/04/2019,1620.9
1044,18/04/2019,1619.73
1045,19/04/2019,1622.07
1046,22/04/2019,1622.06
1047,23/04/2019,1627.44
1048,24/04/2019,1638.01
1049,25/04/2019,1635.68
1050,26/04/2019,1638.38
1051,29/04/2019,1637.4
1052,30/04/2019,1642.29
1053,02/05/2019,1632.24
1054,03/05/2019,1637.3
1055,06/05/2019,1632.8
1056,07/05/2019,1639.37
1057,08/05/2019,1633.55
1058,09/05/2019,1618.53
1059,10/05/2019,1610.27
1060,13/05/2019,1601.09
1061,14/05/2019,1599.19
1062,15/05/2019,1611.43
1063,16/05/2019,1599.19
1064,17/05/2019,1605.36
1065,21/05/2019,1603.74
1066,23/05/2019,1601.87
1067,24/05/2019,1598.32
1068,27/05/2019,1601.35
1069,28/05/2019,1614.57
1070,29/05/2019,1623.67
1071,30/05/2019,1636.5
1072,31/05/2019,1650.76
1073,03/06/2019,1655.31
1074,04/06/2019,1644.09
1075,07/06/2019,1649.33
1076,10/06/2019,1655.47
1077,11/06/2019,1651.2
1078,12/06/2019,1650.74
1079,13/06/2019,1643.74
1080,14/06/2019,1638.63
1081,17/06/2019,1638.4
1082,18/06/2019,1652.76
1083,19/06/2019,1666.54
1084,20/06/2019,1675.43
1085,21/06/2019,1682.23
1086,24/06/2019,1676.13
1087,25/06/2019,1676.61
1088,26/06/2019,1674.49
1089,27/06/2019,1672.7
1090,28/06/2019,1672.13
1091,01/07/2019,1683.62
1092,02/07/2019,1691
1093,03/07/2019,1690.05
1094,04/07/2019,1687.48
1095,05/07/2019,1682.53
1096,08/07/2019,1677.64
1097,09/07/2019,1682.87
1098,10/07/2019,1678.97
1099,11/07/2019,1679.26
1100,12/07/2019,1669.45
1101,15/07/2019,1672.37
1102,16/07/2019,1668.94
1103,17/07/2019,1657.53
1104,18/07/2019,1648.93
1105,19/07/2019,1658.19
1106,22/07/2019,1655.4
1107,23/07/2019,1655.67
1108,24/07/2019,1652.41
1109,25/07/2019,1656.58
1110,26/07/2019,1647.96
1111,29/07/2019,1642.69
1112,31/07/2019,1634.87
1113,01/08/2019,1639.07
1114,02/08/2019,1626.76
1115,05/08/2019,1610.41
1116,06/08/2019,1611.79
1117,07/08/2019,1604.7
1118,08/08/2019,1616.02
1119,09/08/2019,1615.05
1120,13/08/2019,1592.88
1121,14/08/2019,1600.31
1122,15/08/2019,1600.29
1123,16/08/2019,1599.22
1124,19/08/2019,1596.45
1125,20/08/2019,1602.75
1126,21/08/2019,1594.59
1127,22/08/2019,1602.47
1128,23/08/2019,1609.33
1129,26/08/2019,1600.53
1130,27/08/2019,1590.84
1131,28/08/2019,1589.82
1132,29/08/2019,1595.18
1133,30/08/2019,1612.14
1134,03/09/2019,1591.52
1135,04/09/2019,1599.89
1136,05/09/2019,1599.75
1137,06/09/2019,1604.47
1138,10/09/2019,1595.85
1139,11/09/2019,1602.3
1140,12/09/2019,1601
1141,13/09/2019,1601.25
1142,17/09/2019,1604.3
1143,18/09/2019,1599.49
1144,19/09/2019,1596.28
1145,20/09/2019,1597.41
1146,23/09/2019,1592.93
1147,24/09/2019,1592.33
1148,25/09/2019,1589.58
1149,26/09/2019,1593
1150,27/09/2019,1584.14
1151,30/09/2019,1583.91
1152,01/10/2019,1589.44
1153,02/10/2019,1574.9
1154,03/10/2019,1564.12
1155,04/10/2019,1557.67
1156,07/10/2019,1559
1157,08/10/2019,1558.79
1158,09/10/2019,1551.23
1159,10/10/2019,1551.87
1160,11/10/2019,1556.84
1161,14/10/2019,1567.59
1162,15/10/2019,1566.23
1163,16/10/2019,1574.9
1164,17/10/2019,1574.5
1165,18/10/2019,1571.15
1166,21/10/2019,1570.93
1167,22/10/2019,1574.09
1168,23/10/2019,1568.79
1169,24/10/2019,1571.11
1170,25/10/2019,1570
1171,29/10/2019,1577.79
1172,30/10/2019,1580
1173,31/10/2019,1597.98
1174,01/11/2019,1593.34
1175,04/11/2019,1603.56
1176,05/11/2019,1606.74
1177,06/11/2019,1603.25
1178,07/11/2019,1609.33
1179,08/11/2019,1609.73
1180,11/11/2019,1608.15
1181,12/11/2019,1609.73
1182,13/11/2019,1597.22
1183,14/11/2019,1593.55
1184,15/11/2019,1594.75
1185,18/11/2019,1604.36
1186,19/11/2019,1605.31
1187,20/11/2019,1601.14
1188,21/11/2019,1592.19
1189,22/11/2019,1596.84
1190,25/11/2019,1591.35
1191,26/11/2019,1583.87
1192,27/11/2019,1587.18
1193,28/11/2019,1583.77
1194,29/11/2019,1561.74
1195,02/12/2019,1570.55
1196,03/12/2019,1562.27
1197,04/12/2019,1560.93
1198,05/12/2019,1563.58
1199,06/12/2019,1568.44
1200,09/12/2019,1562.71
1201,10/12/2019,1561.79
1202,11/12/2019,1563.19
1203,12/12/2019,1567.34
1204,13/12/2019,1571.16
1205,16/12/2019,1569.35
1206,17/12/2019,1576.95
1207,18/12/2019,1599.11
1208,19/12/2019,1596.01
1209,20/12/2019,1610.18
1210,23/12/2019,1614.18
1211,24/12/2019,1604.23
1212,26/12/2019,1603.55
1213,27/12/2019,1610.61
1214,30/12/2019,1615.67
1215,31/12/2019,1588.76
1216,02/01/2020,1602.5
1217,03/01/2020,1611.38
1218,06/01/2020,1597.76
1219,07/01/2020,1611.04
1220,08/01/2020,1589.1
1221,09/01/2020,1595.65
1222,10/01/2020,1591.46
1223,13/01/2020,1584.73
1224,14/01/2020,1580.6
1225,15/01/2020,1585.14
1226,16/01/2020,1587.88
1227,17/01/2020,1595.81
1228,20/01/2020,1588.88
1229,21/01/2020,1587.33
1230,22/01/2020,1577.98
1231,23/01/2020,1574.44
1232,24/01/2020,1572.81
1233,28/01/2020,1551.64
1234,29/01/2020,1550.47
1235,30/01/2020,1545.59
1236,31/01/2020,1531.06
1237,03/02/2020,1521.95
1238,04/02/2020,1535.8
1239,05/02/2020,1536.79
1240,06/02/2020,1552.77
1241,07/02/2020,1554.49
1242,10/02/2020,1542.8
1243,11/02/2020,1551.48
1244,12/02/2020,1542.94
1245,13/02/2020,1539.16
1246,14/02/2020,1544.46
1247,17/02/2020,1537.12
1248,18/02/2020,1537.08
1249,19/02/2020,1534.16
1250,20/02/2020,1534.98
1251,21/02/2020,1531.2
1252,24/02/2020,1490.06
1253,25/02/2020,1500.88
1254,26/02/2020,1495.19
1255,27/02/2020,1505.59
1256,28/02/2020,1482.64
1257,02/03/2020,1466.94
1258,03/03/2020,1478.64
1259,04/03/2020,1489.95
1260,05/03/2020,1491.03
1261,06/03/2020,1483.1
1262,09/03/2020,1424.16
